OrganizationName,Spend,Impressions,Currency Codes,CandidateBallotInformation,PayingAdvertiserNames,Genders,AgeBrackets,CountryCodes,BillingAddresses,CreativeUrls,Interests,Regions (Included),Regions (Excluded)
standup2jewhate,1006260,379924377,USD,,Blue Square Alliance Against Hat,,18-34,united states,"1 Patriot Pl,Foxborough,02035,US",https://www.snap.com/political-ads/asset/d7f6c36c64fbb6d172a4c7881201dce27fd5296fea3bff1e4cf3f36f579281a7?mediaType=mp4,"Advocates & Activists,Arts & Culture Mavens,Beauty Mavens,Comics & Animation Fans,Creators,Fashion & Style Gurus,Console & PC Gamers,eSports Enthusiasts,Mobile Gamers,Mobile Gamers - Casual,Mobile Gamers - Hypercasual,Mobile Gamers - Mid-Core and Hardcore,Mobile Gamers - Puzzles,Mobile Gamers - Sports,Mobile Gamers - Strategy,Mobile Gamers - Trivia,Meme Watchers,Concert & Festival Goers,Dance & Electronic Music Fans,Hip-Hop Music Fans,Indie & Alternative Music Fans,Pop Music Fans,Philanthropists,Photographers,Cosmetics Shoppers,Sneakerheads,Wellness & Healthy Lifestyle",,
Agenda Media,297371,173391527,GBP,,Electoral Commission,,18-24,united kingdom,"37 Turner Street,Manchester,M4 1DW,GB",https://www.snap.com/political-ads/asset/2447fb549fd3eab25f3b48f1a63b0a5e379213ee8ff98b6b21a8e15ecb3cc02d?mediaType=jpg,,,
Havas Media France,474927,167933829,EUR,,European Commission,,18+,portugal,"29/30, Quai de Dion Bouton, Puteaux, 92817, France,Paris,92817,FR",https://www.snap.com/political-ads/asset/64850bf9a41cba09e15cf9b10921b4c21e68a4167cd5b61ee37f3f203d9a1d6f?mediaType=mp4,,,
GMMB  Inc,521605,61861372,USD,40,No on Prop 40,,18+,united states,"3050 K Street,Washington,20007,US",https://www.snap.com/political-ads/asset/66ae62328feb34f1aeeaba6fdd52dc6f12d255739c19c8ce42d489e95218974e?mediaType=mp4,,California,
Project Unloaded,146563,56090698,USD,,Project Unloaded Inc,,17-,united states,"1 East Erie Street, Suite 525 #4787,Chicago,60611,US",https://www.snap.com/political-ads/asset/93cd102da6fd556d7ff846fb624f130226ae92fd64fc8a7e3c86cab636f443b2?mediaType=mp4,,,
Jack of Digital (SMC-Pvt.) Limited,8156,55111952,USD,,Al Khidmat Foundation,,,pakistan,"3rd Floor, M.A. Tabba Foundation Building,Gizri Road, Clifton Block 9,75600,PK",https://www.snap.com/political-ads/asset/e4f091abcc1ed6f85fe1786807cd25e71680041f2d7ea54dddbe1aaa0defdcac?mediaType=mp4,,,
Human Appeal,210947,29880891,GBP,,Human Appeal,,18+,united kingdom,"Pennine House Carrs Road,Cheadle,SK8 2BL,GB",https://www.snap.com/political-ads/asset/9f23b892844ccd8e37a7b04620b8246185b57b6a408b70dc13daf3707a9d24af?mediaType=mp4,,,
VMLY&R,50467,27749317,NZD,,Electoral Commission NZ,,18+,new zealand,"Level 2, 36 Lorne Street,Auckland CBD,1010,NZ",https://www.snap.com/political-ads/asset/8ecd33832f17c09e9258f4f4ff527044cd389621807d8d32ba82f3eb2632b86c?mediaType=mp4,,,
standup2jewhate,62723,19854710,USD,,FDTN to Combat Antisemitism,,18-34,united states,"1 Patriot Pl,Foxborough,02035,US",https://www.snap.com/political-ads/asset/9f47bbb792b1882d9aedfba1c91c3ae77d0b6426a9d10b39a69e1806fcb192a1?mediaType=mp4,"Advocates & Activists,Arts & Culture Mavens,Cooking Enthusiasts,Political News Watchers,Philanthropists,Travel Enthusiasts,shp_32,shp_125",,
Ben and Jerry s Homemade Inc,173382,18405959,USD,,Ben & Jerry's,,18-44,united states,"530 Community Drive,South Burlington,05403,US",https://www.snap.com/political-ads/asset/36014b49acf33d50298c2392a5b5218b945a5bd413c099c4217e18bbe550f5de?mediaType=png,"Advocates & Activists,Arts & Culture Mavens,Bookworms & Avid Readers,Collegiates,Foodies,Green Living Enthusiasts,Hipsters & Trendsetters,News Watchers,Political News Watchers,Philanthropists,Eco-Conscious Buyers","Georgia,North Carolina",
Alamo Intelligence LLC,196368,15446347,USD,One Nation,One Nation,MALE,25+,united states,"80 M St SE,Washington,20003,US",https://www.snap.com/political-ads/asset/8978013647fb1821b67b8812104a57e54133fa7340cfdd05a5254e592678955e?mediaType=png,,Maine,
Trilogy Interactive,206339,15318889,USD,,WinSenate,,18-45,united states,"2054 University Ave STE 600,Berkeley,94704,US",https://www.snap.com/political-ads/asset/2f8d8372729d4be66fdf084c22cf7eda49084e5904a327d159513d0c87fc1af1?mediaType=mp4,,Iowa,
The Daily Wire LLC,159994,14481171,USD,,The Daily Wire LLC,,18+,united states,"1821 12th Avenue South, Suite 460,Nashville,37203,US",https://www.snap.com/political-ads/asset/d4d8fd9b0fdd2100064166026363983d57724151f90d5bfe540e78c839ac0fa5?mediaType=png,,,
Secours Islamique France,21110,13941231,EUR,,Secours Islamique France,,20-45,france,FR,https://www.snap.com/political-ads/asset/8c6e35fcdeb728e94bde544015b27c8234d5563d935e48a038fd06177cbbabbb?mediaType=mp4,,,
Initiative Media B.V,75809,13395864,EUR,,Ministerie v. Binnenlandse Zaken,,18-25,netherlands,"Peter van Anrooystraat 7,Amsterdam,1101 BA,NL",https://www.snap.com/political-ads/asset/1f5b794be141907999d46fa26a78c52297779b499f09f8fd3ff4755bf093e769?mediaType=mp4,,,
Starcom Canada,11999,12857757,CAD,,Elections Ontario,,16-17,canada,"111 Queen St East,Toronto,M5C 1S2,CA",https://www.snap.com/political-ads/asset/2e5ca5ed9b18c95611a8a685bc4fb4c500f7ee163a6e0393171133695d3e2a35?mediaType=mp4,,Ontario,
AL Media,72823,12021920,USD,Virginians for Fair Elections,Virginians for Fair Elections,,18-24,united states,"222 W Ontario, Suite 600,,Chicago,60654,US",https://www.snap.com/political-ads/asset/08e4c603f24fc203ce28f376f27e2272185c3d0f34705666b88594b69a4635f9?mediaType=mp4,,Virginia,"West Virginia,Maryland,North Carolina,Tennessee,Kentucky,District of Columbia"
MVAR Media,101047,12004225,USD,Opportunity Action Fund,Opportunity Action Fund,,18+,united states,"1421 Prince St Suite 320,Alexandria,22314,US",https://www.snap.com/political-ads/asset/a47f6268c51e12bde685fb3a2cf393645691fb1ccd27dc4deeb0d23e44f36dfb?mediaType=mp4,,Maine,
Gambit Strategies,147555,11920273,USD,,JB for Governor,,25+,united states,"2939 Van Ness St NW #1006,Washington,20008,US",https://www.snap.com/political-ads/asset/e137b2f5eb248e72b4a781ce5c69a1f573e10badb854873eab0ae93d99b3f7eb?mediaType=mp4,,Illinois,"Indiana,Iowa,Michigan,Kentucky,Missouri,Wisconsin"
Assemble the Agency,68215,11441089,USD,,AFL-CIO,,18+,united states,US,https://www.snap.com/political-ads/asset/bd99dbddae649b786a643979442dbb6bd98dc41ad54d1da44506a32051be4a03?mediaType=mp4,,,
Kalshi Inc,73046,11128342,USD,,Kalshi Inc,,18+,united states,US,https://www.snap.com/political-ads/asset/be257411cd375fa43022868dcaaf169527d0951363877d7687a4ac69509900a4?mediaType=mp4,,,"Nevada,Michigan,Washington,District of Columbia"
Kalshi Inc,114881,10811469,USD,,Kalshi,MALE,18+,united states,US,https://www.snap.com/political-ads/asset/3a6016d18f691545045dc7ac1be4ae51d28508b71c0dd4d778cee751f9ed2aed?mediaType=mp4,,,"Michigan,Nevada,Washington,District of Columbia"
Feel Good Action,22205,10217603,USD,National Preregistration Day,Feel Good Action,,17-,united states,"2339 Fairview Ave East #L,Seattle,98102,US",https://www.snap.com/political-ads/asset/64ee1680c013a7a3a9ce4e13c1624209764c68a1b7c53853d73c1b1a33a8c26d?mediaType=png,,"California,Colorado,Oregon,Maryland,Massachusetts,Hawaii,North Carolina,District of Columbia",
Targeted Victory  LLC,47641,8900162,USD,Vivek Ramaswamy and Rob McColley for Ohio,Vivek for Ohio,,18+,united states,"2311 Wilson Blvd fl 2,Arlington,22201,US",https://www.snap.com/political-ads/asset/af1b310a8a0dbd8ebbd1c0f10174dda9cc3d54212becc05bdeedde06c68897d3?mediaType=mp4,,Ohio,
qatar red crescent,13871,8175539,USD,,Qatar Red Crescent,,20+,qatar,"Al Baladiya St,Doha,00974,QA",https://www.snap.com/political-ads/asset/c6825c9163089593b6eb8a432b394931430c456f3476fd9823b4ddc65307a039?mediaType=mp4,,,
Wavelength Strategy,51984,8127392,USD,Ohioans for Lower Costs,Ohioans for Lower Costs,,18+,united states,US,https://www.snap.com/political-ads/asset/228ca328d15b0b546efdbc32e0c86d4a55cd18959b3921ce9fc0dea5c06526c8?mediaType=png,,,
Cossette Media Inc,18616,7839779,CAD,,Élection Québec,,18-44,canada,"P.O. Box. 11613, Succ. Centre-ville,Montreal,H3C5V9,CA",https://www.snap.com/political-ads/asset/1161b310b280e89afeaa09e5b62d1d1eaf40a12395ddad1e6b795b0d80855f70?mediaType=mp4,,Quebec,
Song for Charlie Inc.,8333,7643972,USD,Song for Charlie,Song for Charlie / Snap,,22-,united states,US,,,,
Fusion92,24411,7550517,USD,,State of Michigan,,18+,,"440 West Ontario Street,Chicago,60654,US",https://www.snap.com/political-ads/asset/cc259e4c761722c6d75cc426e5fd47ac5ec6e6e318a5e1e982b06aa2ee1b8891?mediaType=jpg,Outdoor & Nature Enthusiasts,,
Nowa Kommunikation AB,196255,7116921,SEK,,The Swedish Election Authority,,18+,sweden,"Södra Hamngatan 35,Göteborg,41114,SE",https://www.snap.com/political-ads/asset/69f2b35be1d89669f9b1eccc4a990406f39437a3382843e9dc49f70db58c1fae?mediaType=mp4,,,
GMMB  Inc,104986,6686935,USD,NA,Robert Wood Johnson Foundation,,18+,united states,"3050 K Street,Washington,20007,US",https://www.snap.com/political-ads/asset/32183e6338ef5abed640f564303c93685d7b963948c80289c0310a63abc08e25?mediaType=png,,"Georgia,Kansas,North Carolina,Mississippi,Pennsylvania",
Majority Strategies,60146,6589887,USD,The Iowa Voice News,SLF PAC,MALE,25+,united states,US,https://www.snap.com/political-ads/asset/84f8c0c922a959cbffbf9212bd0f2a44e3873ef17a6c06913d501d1da886c46f?mediaType=mp4,,Iowa,
ORIXA MEDIA,13833,5881708,EUR,8,Human Appeal France,,18+,france,"72 rue d'hauteville,PARIS,75010,FR",https://www.snap.com/political-ads/asset/bf1a45331f100ef72737918033106c7340206366592b400439c5dfa3e5bcc769?mediaType=mp4,,,
C+K,47603,5604020,USD,,PPFA,FEMALE,18-35,united states,"1640 Rhode Island Ave. NW, Suite 600,Washington,20036,US",https://www.snap.com/political-ads/asset/41f7f6e0999a605704c14b4e89f38a00751766752b44ad131403089e36a0a62b?mediaType=mp4,"Beauty Mavens,Clubbers & Party People,Indie & Foreign Film Fans,Reality TV Fans,Bachata Music Fans,Concert & Festival Goers,K-Pop Music Fans,Latin Music Fans,Reggaeton Music Fans,Soul & R&B Fans,Traditional Mexican & Colombian Music Fans,World Music Fans,Apparel Store Buyers - Michael Kors,Telecom Buyers - Cricket,Telecom Buyers - MetroPCS,Telecom Buyers - T-Mobile Products and Services,vac_359,vac_57",,
Patagonia Europe,65270,5530507,EUR,,Patagonia,,18+,united kingdom,"Jollemanhof 11,Amsterdam,1061TJ,NL",https://www.snap.com/political-ads/asset/ab318b9dc711e2d81ec45b5a9bc8a683f08b1566671bb53603f3ebb41d04fefc?mediaType=mp4,"Advocates & Activists,Green Living Enthusiasts",London,
MVAR Media,37990,5497825,USD,Midnight Sun Independence Fund,MIDNIGHT SUN INDEPENDENCE FUND,,18+,united states,"1421 Prince St Suite 320,Alexandria,22314,US",https://www.snap.com/political-ads/asset/6147d16a4b59a265773236e58caa8beffdc62fe7db61b8f7c3e603c9a8feb137?mediaType=mp4,,Alaska,
The Free Press,31503,5284781,USD,,The Free Press,,18+,united states,"82 Nassau St., Suite 62658,New York,10038,US",https://www.snap.com/political-ads/asset/6e1857af2f37d2623c7f4ad13d888ea15daf75b1a06ef2bee84af764e6cf3c91?mediaType=png,,,
Human Appeal  Arabic,13434,5203830,GBP,,HUMAN APPEAL,,25+,united arab emirates,GB,https://www.snap.com/political-ads/asset/4cae312f35e0e89079c677ec8cf716760c4b975d02b6cac6e601dfa1d4c21503?mediaType=mp4,,,
GMMB  Inc,97545,5127582,USD,,BPAC,,18+,united states,"3050 K Street,Washington,20007,US",https://www.snap.com/political-ads/asset/fa0b299ccf73ab569838dfdfc47d453c5002422f8d9efa72f6283ab6afd4a8d7?mediaType=mp4,,,
The New Media Firm,35929,5052702,USD,,New Jersey Education Association,,18+,united states,"1730 Rhode Island Ave, NW Ste 213,Washington,20036,US",https://www.snap.com/political-ads/asset/7b946dc04994567a6bc1101fd06d4b2118fc8e695df01c350cae731959d3b76a?mediaType=mp4,,New Jersey,
Assemble the Agency,34477,4972782,USD,,Healthcare Education Project,,18+,united states,US,https://www.snap.com/political-ads/asset/26ef451955a9be4ef34eeb527565790a69f423a7a9520f28108b83cdc05f229d?mediaType=mp4,,New York,
MVAR Media,68120,4962899,USD,WinSenate,WINSENATE,,18+,united states,"1421 Prince St Suite 320,Alexandria,22314,US",https://www.snap.com/political-ads/asset/87f964dbedf531569fee204111925694005ecd1e0f61716aef4b493ea26c23f4?mediaType=mp4,,Maine,
Wavelength Strategy,24392,4954394,USD,Friends of Sherrod Brown,Friends of Sherrod Brown,,18-29,united states,US,https://www.snap.com/political-ads/asset/f30a8f0a17a617391516484220432a393dcf904423e0309cc3d176738892e71d?mediaType=png,News Watchers,Ohio,"Michigan,Indiana,Kentucky,West Virginia,Pennsylvania"
boy Strategie und Kommunikation GmbH,8281,4637642,EUR,Wahl des Abgeordnetenhaus von Berlin,Abgeordnetenhaus Berlin,,16+,germany,"Knooper Weg 51,Kiel,24103,DE",https://www.snap.com/political-ads/asset/ef61a42270221987094632f65a7a9aa607b7cadbe25a10532a78dd0f91dbc7c2?mediaType=png,,Berlin,
Global Strategy Group,19091,4610651,USD,,Facts for Peace LLC,,18-35,united states,"215 Park Ave S 15th Floor,New York,10003,US",https://www.snap.com/political-ads/asset/3fce83984967c9eeffab71c5ea1ee244d832eed1bd297e0cb912eb01299b533a?mediaType=mp4,,,
yourimpactfdn,10682,4483904,GBP,,Your Impact Foundation,,20+,united kingdom,GB,https://www.snap.com/political-ads/asset/b823982fda7fcf3993c483d1bd42b4dad1d293e6a8eba026fb776c757478555e?mediaType=mp4,,,
DSPolitical,10386,4281313,USD,Randy Villegas for Congress,Maremoto Action,,30-39,united states,US,https://www.snap.com/political-ads/asset/6d8b6bc168d018f4cb8404897546b06396ffad5badf2f280ede4024bac5bbc8a?mediaType=png,,California,
C+K,63989,4081843,USD,,MAJORITY FORWARD FUND,,18+,united states,"1640 Rhode Island Ave. NW, Suite 600,Washington,20036,US",https://www.snap.com/political-ads/asset/e3f833abfa3826f70543e7cbab8210e2ba47de8476946c163aa6098c27c2e754?mediaType=mp4,,,"Indiana,Michigan,Pennsylvania,Kentucky,Virginia,West Virginia,Maryland"
Mission Media  LLC,41338,3914104,USD,,MD State Board of Elections,,18+,united states,"616 Water St, Suite 225,Baltimore,21202,US",https://www.snap.com/political-ads/asset/649f6e913fac230b5a07154e8c8c44ab806997ff96063af1ccb6ec79c7b1015e?mediaType=mp4,,,
MVAR Media,81005,3857681,USD,Freedom Virginia,Freedom Virginia INC,,25-44,united states,"1421 Prince St Suite 320,Alexandria,22314,US",https://www.snap.com/political-ads/asset/aedfb4646ac02e6bf874c2fd231a6629d45ff2b51fd5930e34dc02c71a4fda5b?mediaType=png,,,
GetUp,14450,3678315,AUD,,GetUp!,FEMALE,18-34,australia,AU,https://www.snap.com/political-ads/asset/22693cc6bc5ada63e7c9553d70ed74e36add51c9758d84a160058af147605ee3?mediaType=mp4,,South Australia,
TKO Political,25070,3531589,USD,,Alliance for a Better Minnesota,,18-34,united states,"2800 Abilene Dr,Chevy chase,20815,US",https://www.snap.com/political-ads/asset/25aea8ff91661d49f3e2541ba91c91e5b4b3db32a4344a93b7db962f08a67079?mediaType=mp4,,Minnesota,
Abortion Finder,42105,3339082,USD,,Abortion Finder,FEMALE,18-42,united states,US,https://www.snap.com/political-ads/asset/192c3986779649405026d0176841a7f9e621486a662d9914b62bfbcba6b93ad2?mediaType=png,,,"Oklahoma,Texas,Mississippi,Louisiana,Idaho,Iowa,North Carolina,Indiana,Wyoming,Florida,South Dakota"
Dentsu France,3466,3315536,EUR,,Dentsu Aegis Network FR,,26+,france,"67 Av. de Wagram,Paris,75017,FR",https://www.snap.com/political-ads/asset/48b149fd926a0219cf00076002775bebba860a3c72dd0b0fabb567c1d0ddbdeb?mediaType=mp4,"Family Genre Fans,Parents & Family-Focused,Family Travelers,vac_141,vac_291",,
MVAR Media,19404,3269403,USD,Majority Forward,Majority Forward,,18+,united states,"1421 Prince St Suite 320,Alexandria,22314,US",https://www.snap.com/political-ads/asset/5dcdc42ec9af0d9bdf9463cad11b2e5d42c7b41fd4834b3735f4cc638fb0894a?mediaType=mp4,,Alaska,
Radio-Canada,7507,3217180,CAD,Elections provinciales du Quebec 2026,Radio-Canada,,18-34,canada,"1400 BOUL RENÉ LÉVESQUE E,MONTRÉAL,H2L 2M2,CA",https://www.snap.com/political-ads/asset/291ca09a924821b4b49426b235811876514f174672d6cbb87412082e34129056?mediaType=png,,Quebec,
الهيئة الخيرية الإسلامية العالمية,11623,3211363,USD,,الهيئةالخيرية الإسلامية العالمية,,25+,kuwait,"Kuwait,Kuwait,30000,KW",https://www.snap.com/political-ads/asset/27304fe2d43a238ff1b8e71ed51dafa0a4a34946724d64ac9776e2ce5dae407f?mediaType=png,,,
GMMB  Inc,20829,2963410,USD,42,Yes on Prop 42,,18+,united states,"3050 K Street,Washington,20007,US",https://www.snap.com/political-ads/asset/b40c754bf163821065888dcb4757878a799657ec8605baf7af497c2a4d094aa2?mediaType=mp4,,California,
Priorities USA,8752,2928263,USD,Wisconsin Supreme Court,Priorities USA,,24-44,united states,US,https://www.snap.com/political-ads/asset/e3156c1e076b1a5b0d5c8fb9e98cb86d7902d1b8f39f0490f93bcd70e4e7a589?mediaType=mp4,,,
Gambit Strategies,43767,2882465,USD,,Hickenlooper for Colorado,,18+,united states,"2939 Van Ness St NW #1006,Washington,20008,US",https://www.snap.com/political-ads/asset/41d37c9566fb9cf684f18df303acd41ab6976ab2443b5cd6fa166cd7990f2262?mediaType=mp4,,Colorado,"Arizona,Kansas,Nebraska,New Mexico,Oklahoma,Utah,Wyoming"
Islamic Relief USA,82729,2843314,USD,,Islamic Relief USA,,23+,united states,"3655 Wheeler Ave,Alexandria,22304,US",https://www.snap.com/political-ads/asset/2831344baf83df55c26e46866cfc4f8143f746d9a143e08d458c0a1b3e032aba?mediaType=mp4,,,
Aisle 518 Strategies LLC,59230,2803297,USD,Jon Ossoff for Senate,Jon Ossoff for Senate,,18+,united states,"1133 15th St NW,Washington,20005,US",https://www.snap.com/political-ads/asset/8a80ef17e1716bf9c81cbb7fddf2e94ea16bc20e03173aebefa3cbe2555cbe8a?mediaType=png,,,
Human Appeal Canada,17389,2694283,CAD,,Human Appeal Canada,,25+,canada,CA,https://www.snap.com/political-ads/asset/3eff3399bcb8e9bec8f0d7dfac2fa37028c708402acee1619fdb14d346e4423e?mediaType=mp4,,,
AL Media,24408,2634314,USD,WinSenate,Winsenate,,18-34,united states,"222 W Ontario, Suite 600,,Chicago,60654,US",https://www.snap.com/political-ads/asset/d2ab37b92cc9f828a03b01ffe294d32c6d837ac01c55407472f51241706ad82e?mediaType=mp4,,New Hampshire,"Vermont,Massachusetts,Maine"
C+K,30772,2548133,USD,,Majority Forward Fund,,18+,united states,"1640 Rhode Island Ave. NW, Suite 600,Washington,20036,US",https://www.snap.com/political-ads/asset/368e4f0f6ff42103c22b2606ae5cb95cbc9eebeb09605a370db162cccc03e238?mediaType=mp4,,North Carolina,"Virginia,Georgia,Tennessee,South Carolina"
PLUS Communications,74123,2338740,USD,,Senate Leadership Fund,,35+,united states,US,https://www.snap.com/political-ads/asset/62fb9ec382f864217191599ed4b17a137ecb3b41fa898492fca58b65e07b0427?mediaType=mp4,,Ohio,
HAPI,10948,2317410,USD,,Maricopa County Elections,,18+,united states,US,https://www.snap.com/political-ads/asset/4ae7c4ae598407dfbdaae56128e57a4978f7efeaead3b9724d0cedf39b7e05d0?mediaType=mp4,,,
Human Appeal USA,10763,2232225,USD,,Human Appeal INC,,25-50,united states,"26050 Acero Suite 415 ,Mission Viejo ,92691,US",https://www.snap.com/political-ads/asset/3dedc982c20c765e9047a1d30dda00244b40694405bd9ba8f531727ec4b660a0?mediaType=mp4,,,
baladelkhair,12569,2208955,USD,,baladalkhair,,25+,kuwait,"محافظة العاصمة/الخالدية - ق2 - ش20 - منزل 18 مقابل جمعية الخالدية,Hawalli,30000,KW",https://www.snap.com/political-ads/asset/b783904910025faa3efff9adcfc46ecb32abd3a29888f3d889744bbd62745538?mediaType=png,,,
When We Vote,34997,2109040,USD,,Civic Nation,,18-29,united states,"1156 15th Street NW,Washington,20005,US",https://www.snap.com/political-ads/asset/c6cba1a48041d8929e4d3b335c62a701de17cdc4d04ad5e6e6742a3a9c0f28d9?mediaType=png,,Michigan,
Nowa Kommunikation AB,113044,2035301,SEK,,Riksdagsförvaltningen,,18-30,sweden,"Södra Hamngatan 35,Göteborg,41114,SE",https://www.snap.com/political-ads/asset/551d61c9d8259ef7cd6d5b71a0d3b1e5a211bde43ab3a7af5087305e48e844ac?mediaType=mp4,,,
Panowatch  LLC,50810,2034741,USD,Alex Bores for Congress,DREAM NYC,,18-54,united states,"8207 Taunton Pl,West Springfield,22152,US",https://www.snap.com/political-ads/asset/7cd4cc01c8a9f024facbb1c8474d742de9b31cb28745ef9cd92acfb30c561554?mediaType=png,,,
MVAR Media,20884,1923043,USD,North Star AK,North Star,,18+,united states,"1421 Prince St Suite 320,Alexandria,22314,US",https://www.snap.com/political-ads/asset/b79237b4d97ae1dc1d458fb154c7215d711d7f81c2ef546f0b5e33ca1a13c51a?mediaType=mp4,,Alaska,
Pratt for Mayor 2026,15018,1882818,USD,Pratt for Mayor,Pratt for Mayor 2026,,18+,united states,US,https://www.snap.com/political-ads/asset/b5461e73368baa9f554756841a2a7eec93908732293e5bd73f84f12ef151f20c?mediaType=mp4,,,
Turnout Activism Inc.,10637,1878431,USD,TurnUp Activism,Turnout Activism Inc.,FEMALE,17-29,united states,"35 Walden St #3g,Cambridge,02140,US",https://www.snap.com/political-ads/asset/30ab7156b0f2f29de6b360b1a89e5f0df9a2aa6a6f43a87bdf6c55e8a1726acc?mediaType=mp4,,"Michigan,Ohio,Georgia,Texas,North Carolina,Maine,Nebraska,Iowa,Alaska",
Bully Pulpit Interactive,2956,1696319,USD,,Campaign for Tobacco-Free Kids,,16+,united states,"1445 New York Ave NW,Washington,20005,US",https://www.snap.com/political-ads/asset/57ca686edb977647e55ce90fdf23c92082eb81a81ffcf8fd99f68183820fb920?mediaType=mp4,"Fitness Enthusiasts,Vegans & Organic Foodies,Green Living Enthusiasts,Outdoor & Nature Enthusiasts,Wellness & Healthy Lifestyle,Vitamins & Supplements Buyers",,
C+K,39023,1685184,USD,,NRDC Action Votes,,18+,united states,"1640 Rhode Island Ave. NW, Suite 600,Washington,20036,US",https://www.snap.com/political-ads/asset/2d8d443a882c17765508aab70f4dda12ca5e25e12a3d5bc183100ab454228be6?mediaType=mp4,,Ohio,"Indiana,West Virginia,Michigan,Pennsylvania,Kentucky"
Search for Businesses  LLC,4837,1681164,USD,2026 Statewide Direct Primary Election,San Bernardino County,,18-44,united states,US,https://www.snap.com/political-ads/asset/13698c294a8c2f94376e1b76d6201c03b5e3e8ad0f9c2426b333637b7f136e4f?mediaType=png,,,
Australian Labor Party,18028,1553387,AUD,,Australian Labor Party,FEMALE,18+,australia,"141 Gilles Street,Adelaide,5000,AU",https://www.snap.com/political-ads/asset/7410ba4a208f93254c4cb54c1fa3f5d25cf5f75a7431e622e84d4c5dd428d892?mediaType=mp4,,,
TBWA Canada,3332,1552742,CAD,,ALERT,,17-,canada,"Suite 1900, 10025 - 102A Avenue,Edmonton,T5J 2Z2,CA",https://www.snap.com/political-ads/asset/a24d270efe9c6de5326203134f97b0aa1c9c3159a071a92292784e2124ad6e92?mediaType=mp4,,Alberta,
Campaignifi,2668,1455980,AUD,,NSW Liberal Party,,18-30,australia,"Level 7, 14 Martin Place,Sydney,2000,AU",https://www.snap.com/political-ads/asset/8e6c8dca9e8425f228184f010af9ff21b29ecd33fb8d54a041479d4fee88f061?mediaType=mp4,,New South Wales,"Australian Capital Territory,Northern Territory,Queensland,South Australia,Tasmania,Victoria,Western Australia"
AL Media,9788,1451044,USD,For Michigan,For Michigan Action Fund,,18-24,united states,"222 W Ontario, Suite 600,,Chicago,60654,US",https://www.snap.com/political-ads/asset/7ef14670936103635c819a5c7feb4f4556bd068cb1cdcea33cf3b47bc6dca504?mediaType=mp4,,,"Minnesota,Wisconsin,Illinois,Indiana,Ohio"
Break Something,23781,1414297,USD,,Rob Sand for Iowa,,18+,united states,"1930 18th St NW Suite B2 #562,Washingotn,20009,US",https://www.snap.com/political-ads/asset/9fc0dc75377a4655f60876ff7238a07e860c5d1e3af17e848f7287e410aa67b5?mediaType=mp4,,,
Connect Social,10061,1387707,USD,Issue advocacy Turning Point USA,TPUSA Merch,,18+,united states,"4940 E Beverly Rd ,Phoenix,95044,US",https://www.snap.com/political-ads/asset/da57422f350ba136fd9b23167914b95356ac74641f5365bf23856e2861549c5c?mediaType=mp4,,,
Digital Media Services FZ-LLC,1285,1384815,USD,,Al Najat Charity,,23+,kuwait,"Media City, Knowledge Village, Choueiri Group Building,Dubai ,251589 - Dubai - U.A.E,AE",https://www.snap.com/political-ads/asset/cf21ace4eaedd79a3f429096e393c060dd446f8f53f62e1b1d9944587e0d916a?mediaType=mp4,,,
Vivek Ramaswamy,19236,1376607,USD,,Vivek Ramaswamy and Rob McColley,,18+,united states,US,https://www.snap.com/political-ads/asset/07bbefe480b08f9b9fb723b3daa83b26e2b61b07c98af72fd05a348a4cc46a21?mediaType=mp4,,Ohio,
Kuwaiti charity to serve the Holy Quran and its Sciences,4599,1354845,USD,,hoffath.org,,,kuwait,"Shehab Ahmad Albahar St,RAWDA,73451,KW",https://www.snap.com/political-ads/asset/5df17d0106e59577fb00d30ca895572a3af28932aee55f908a54acc2984beebf?mediaType=png,,,
Your Online Conversation,5964,1349160,GBP,,Muslim Aid,,21+,united kingdom,"84 Kingsley Road,Hounslow,TW3 1QA,GB",https://www.snap.com/political-ads/asset/5ce1ade286d5b1e934c5c51a1e35e01af8c7eec59094e76c4a5fa22f3b00ed5e?mediaType=mp4,,,
Human Age Digital,9763,1332850,USD,Annise Parker for Harris County Judge,Annise Parker for Harris County,,18+,united states,US,https://www.snap.com/political-ads/asset/8333995d0d06bce7d2929814cbd34087b942ced18b50d282c485da5c0cbdc87e?mediaType=mp4,,Texas,
Bully Pulpit Interactive,26094,1260927,USD,,The Bills Are Too Damn High,,18+,united states,"1445 New York Ave NW,Washington,20005,US",https://www.snap.com/political-ads/asset/601112ea0325774dd9e5f90827609b23a2ec941e86278d1d964dcd30112587e9?mediaType=mp4,,Iowa,
FVAP,14811,1204765,USD,Federal Voting Assistance Program,FVAP,,18-29,united states,"701 N Westshore Blvd #200,Tampa,33609,US",https://www.snap.com/political-ads/asset/20a5016bc6adf54b835099f11f740680150910c013052062cc772fc1a52a9967?mediaType=mp4,,,
League of Women Voter of the United States,24542,1201108,USD,,League of Women Voters EF,FEMALE,18-44,united states,"1233 20th ST NW,Washington,20036,US",https://www.snap.com/political-ads/asset/ce3854d25876155e2f883ef15a9943d28cd07e888fbe4a6d6f61ab4af93c7a5a?mediaType=png,,Texas,
lProspect Canada lnc,7051,1188116,CAD,,Government of British Columbia,,19-27,canada,"1075 West Georgia Street,Vancouver,V6E 3C9,CA",https://www.snap.com/political-ads/asset/e5721170617a91e8fcc163fce8c9b8c96c5cf29355aa1920c848f65f481a618e?mediaType=png,,British Columbia,
RIESTER Sonoran LLC,21037,1149065,USD,AZ Clean Elections,Clean Elections,,18+,united states,"3344 E. Camelback Rd.,Phoenix,85018,US",https://www.snap.com/political-ads/asset/d06eb14edc22741f30a65ba7e7ccbe779081ccd7badc362f4a864f009eb1bbc5?mediaType=mp4,,Arizona,
Beekeeper Group,4249,1125862,USD,,NAMI,,18+,united states,US,https://www.snap.com/political-ads/asset/fb35ff0adda54fcb48233bd1bb28b6941241d322721fd8e626da7c65b16e115b?mediaType=mp4,,,
DSPolitical,4363,1105395,USD,,Los Angeles County Registrar-Rec,,18-39,united states,US,https://www.snap.com/political-ads/asset/b2b8c6e61ec272c01ece09f131cfa67824596d0027593ddca0653721a69e3078?mediaType=mp4,,,
Good to Go Digital,2873,1097677,AUD,First Peoples Assembly Of Victoria,First Peoples' Assembly of Vic,,16+,australia,"54 Wellington Street,Collingwood,3066,AU",https://www.snap.com/political-ads/asset/5ee7cabb902274d25a0f16e78f14b596a86ed5bee7f1514a7e937abb90190798?mediaType=mp4,,Victoria,
Digital Media Enzo B.V.,2745,1075078,EUR,Gemeente Amsterdam,Gemeente Amsterdam,,16-25,netherlands,"Wibautstraat 131-D,Amsterdam,1091GL,NL",https://www.snap.com/political-ads/asset/5674979fb60e181e34455e7ba319d4b42f9c662a395798ddcf9df90432ddb8db?mediaType=mp4,,,
Bully Pulpit Interactive,26096,1073685,USD,,Common Source,,18+,united states,"1445 New York Ave NW,Washington,20005,US",https://www.snap.com/political-ads/asset/797b20c0b7e0e714e1027658b8df340cd8faef886e45d40ed0ca1ea8abb83240?mediaType=mp4,,Iowa,
Gambit Strategies,10896,1064620,USD,,Katherine Clark for Congress,,18+,united states,"2939 Van Ness St NW #1006,Washington,20008,US",https://www.snap.com/political-ads/asset/cf1bcf20b0fe82b23da5a83c2f8a3ebfcf87a32a3284825378f2516a6f20f3e7?mediaType=png,,Massachusetts,"Connecticut,New York,New Hampshire,Rhode Island,Vermont"
2XL Online,45464,1060380,NOK,,SOS-Barnebyer,,25+,norway,"Johanna Wolls Väg 18, 2XL Online,Kävlinge,24436,SE",https://www.snap.com/political-ads/asset/4038881962b0b0bfff2e8760274724d66a3afd49a33c25d01a4223da4cafcdc0?mediaType=png,,,
Scottish Greens,693,1027347,GBP,Scottish Greens,Scottish Green Party,,18-25,united kingdom,"19B Graham Street,Edinburgh,EH6 5QN,GB",https://www.snap.com/political-ads/asset/1b0a9ad95eda15049103c875e56bcc2bd432211fdd701ea7cebbbaf2f47e1561?mediaType=png,,"Edinburgh,East Lothian,West Lothian,Midlothian",
C+K,27682,1001207,USD,,League of Conservation Voters,,18+,united states,"1640 Rhode Island Ave. NW, Suite 600,Washington,20036,US",https://www.snap.com/political-ads/asset/3706fc12a5cf52a50d3307165205ecf9d2881f00c7de015334bbd9288f0e89cd?mediaType=mp4,Outdoor & Nature Enthusiasts,,
Choose Life Marketing,1543,939429,USD,,Innervisions Healthcare,FEMALE,30-,united states,US,https://www.snap.com/political-ads/asset/ba0ea41fe9b05cd8b0ef87d3b8af7a827bd9cc1576c6a4590babc137fb5e05a9?mediaType=mp4,,,
Arena Online,11349,911441,USD,Dan Sullivan,Alaskans for Dan Sullivan,,30+,united states,"1780 Sequoia Vista Cir,Salt Lake City,84104,US",https://www.snap.com/political-ads/asset/af90ef488afc0ef2f200ce9241c423e5a19aa920b9013d89317b0d63c8c3baa2?mediaType=mp4,,,
Powers Interactive Digital,7362,908185,USD,United Association,United Association,,18+,united states,US,https://www.snap.com/political-ads/asset/4c6924eda5c5b91ced313e8274af7e5b61e7a733738f19c22cdbadd38dbd16ed?mediaType=png,,Wisconsin,
OMD Norway,14677,892603,NOK,,Gjøvik og Toten Venstre,,18-30,norway,"PO Box 1165 Sentrum 0107 OSLO,Oslo,0107,NO",https://www.snap.com/political-ads/asset/140e6b55bb59553992adf4026400b7ea563bcf9cba57ac5d92dc20c2ce30b011?mediaType=mp4,,,
Al-Sheikh Abdullah Nouri Charity,3244,881262,USD,,Al-Sheikh Abdullah Nouri Charity,,21+,kuwait,KW,https://www.snap.com/political-ads/asset/ed5e441877c1f5fc1bcdcd6fa1789cbe9a8fd6210e2af9a046a079edb12440f6?mediaType=mp4,,,
C+K,11992,831723,USD,,upEND,,18-45,united states,"1640 Rhode Island Ave. NW, Suite 600,Washington,20036,US",https://www.snap.com/political-ads/asset/61243fb7db1a6749fc660f976df143961e0c65f49a8eba6de710d950c0251319?mediaType=mp4,"Bachata Music Fans,Latin Music Fans,Reggaeton Music Fans,Traditional Mexican & Colombian Music Fans,Soccer Enthusiasts,World Cup Enthusiasts,Mexican Food Buyers,Hair Spray & Hair Styling Product Buyers,Hand & Body Lotion Buyers,Hand & Body Lotion Buyers - Vaseline Brands,Health and Beauty Buyers Intent,Health and Personal Care Buyers,Skin Care Buyers Intent","Texas,Mississippi,Louisiana",
Choose Life Marketing,1671,831530,USD,,Ascend Women's Center,FEMALE,34-,united states,US,https://www.snap.com/political-ads/asset/985ca986c30c01df4bec862b44b8965221346a950330eaa0a8b141732ae3bd78?mediaType=mp4,,,
alsalam charity,2427,821605,USD,,Alsalam charity,,25+,kuwait,"kuwait,kuwait,30001,KW",https://www.snap.com/political-ads/asset/03f2e9a0954acb40a8005249a88aaddd8c98bde8f754ac9a769a4f4e40a50196?mediaType=png,,,
Blueprint Interactive,4250,816224,USD,Sierra Club of Virginia Chapter,Sierra Club Virginia Chapter,,,united states,"1730 Rhode Island Ave NW Suite 1014,Washington,20036,US",https://www.snap.com/political-ads/asset/b975c04d58de2bd1de8343e97c8b6de33ae0a6297040f7b50c73d62a9d74eaf4?mediaType=mp4,"Adventure Seekers,Advocates & Activists,Arts & Culture Mavens,Green Living Enthusiasts,Outdoor & Nature Enthusiasts",Virginia,
Choose Life Marketing,1291,797873,USD,,The Open Door,FEMALE,,united states,US,https://www.snap.com/political-ads/asset/22d52572bd8008d3dc8fe42390b26012dee71c950b29a90bdfb2b9be85853efa?mediaType=mp4,,,
Pound & Grain,1955,791389,CAD,,Catholic Teachers (OECTA),,18+,canada,CA,https://www.snap.com/political-ads/asset/209efad7864c9cb171c74fb1dd5302b0d2249e60e47e97b52cca224b90875d9f?mediaType=mp4,"Advocates & Activists,Canada Newcomers,Men's Lifestyle,Parents & Family-Focused,Women's Lifestyle",Ontario,
GMMB  Inc,30769,771385,USD,,Coalition for an Affordable NY,,18+,united states,"3050 K Street,Washington,20007,US",https://www.snap.com/political-ads/asset/d132458624d0e6c0461ebb0f406cc7deff652519773b50d69a5afb1f49bb76c7?mediaType=mp4,,New York,
GMMB  Inc,6104,761095,USD,,House Majority Pac,,18+,united states,"3050 K Street,Washington,20007,US",https://www.snap.com/political-ads/asset/f9c7201f1a4fa8a54961989dfcd9fddb45e22822018b696d3058bc722ca3f984?mediaType=mp4,,,
Dentsu Aegis Network Ireland,2636,745945,EUR,,Electoral Commission Ireland,,18+,ireland,"Two Haddington Buildings 20-38 Haddington Road,, Dublin ,D04HE94,IE",https://www.snap.com/political-ads/asset/3e3dfd10ea72d216c0ba248f8c8e8a49862a3539abed8f587ff01593583164db?mediaType=mp4,,,
Working America,3447,737030,USD,,Working America,,18+,united states,US,https://www.snap.com/political-ads/asset/26c5a884ee1f31a2ba936db0d6b451ea3161f9555a09d120a810266719ec49ef?mediaType=mp4,,,
Push Digital Group,2000,736866,USD,Josie Tomkow,Josie Tomkow,,18-30,united states,US,https://www.snap.com/political-ads/asset/4a3b4d32ae8365208bc9568a14cbe816d1b90fde4caa5597e2d52ed8665c3816?mediaType=mp4,,,
Gambit Strategies,13897,661425,USD,,CFFE,,18+,united states,"2939 Van Ness St NW #1006,Washington,20008,US",https://www.snap.com/political-ads/asset/6447f3cec251778d5c67e9f4acc632ef0d46d08a11e2e91321a990abbe078e28?mediaType=mp4,,Maine,New Hampshire
One Ummah Charity,3112,620229,GBP,,One Ummah Charity,,20+,united kingdom,GB,https://www.snap.com/political-ads/asset/66114aa70b0e071dd1c7b28e08ddab0d17243fac9beeed2b976679b071374b84?mediaType=mp4,,,
Baitulmaal  Inc.,10710,614527,USD,,"Baitulmaal, Inc.",,18+,united states,US,https://www.snap.com/political-ads/asset/2b4d0e1f997d9896c719ce872ae3233588a4b8c95b5c16a816f40e74580b31a5?mediaType=mp4,Philanthropists,,
Caring Hearts Pregnancy Center,3392,606947,USD,,Caring Hearts Pregnancy Center,FEMALE,18-35,united states,"1515 Aldersgate Rd,Little Rock,72205,US",https://www.snap.com/political-ads/asset/80730fc17ae95eb5adec66e271e00a33f4bf3775c69796d0ef1dc7da92fb3700?mediaType=mp4,"Wellness & Healthy Lifestyle,Women's Lifestyle,shp_6",Arkansas,
Gambit Strategies,10139,586006,USD,,A More Affordable Nevada,,18+,united states,"2939 Van Ness St NW #1006,Washington,20008,US",https://www.snap.com/political-ads/asset/960c219fcd70d72575be7d647241b933087e3342e4f45e4a5fb0605e5637b947?mediaType=png,,Nevada,"Arizona,California,Idaho,Oregon,Utah"
VoteRiders,1216,569424,USD,,VoteRiders,,18-35,united states,US,https://www.snap.com/political-ads/asset/a56f869779275d65af336c65b6f013a01d47034bd82a7821afa71274778e6d96?mediaType=mp4,,,
Scottish Labour Party,7595,558412,GBP,,Scottish Labour Party,,18+,united kingdom,GB,https://www.snap.com/political-ads/asset/4d12c2205ba682880b9259200920ec009a421f02f3ce7178941bdcf7a1e23ffa?mediaType=mp4,,,
Seda Custom Design LLC,2143,551646,USD,,DemsVote,,18+,united states,"6048 Via Casitas,CARMICHAEL,95608,US",https://www.snap.com/political-ads/asset/3e629c996505d8ddb9eb68e8003613d8633972bb5768bed506d711c324527778?mediaType=mp4,"Clubbers & Party People,Hip-Hop Music Fans",Wisconsin,
Open Hand Media,10499,523986,USD,,Planned Parenthood,FEMALE,18-35,united states,"235 E. Broadway, Suite 320, Long Beach, CA,Long Beach,90803,US",https://www.snap.com/political-ads/asset/0dede43f583437635d5b531cc25e2f47d43ce3df03c721ea47c3a247ba5a8880?mediaType=mp4,"Hip-Hop Music Fans,K-Pop Music Fans,Latin Music Fans,Reggaeton Music Fans,Soul & R&B Fans",,
باكستان,837,493715,USD,,جمعية تكوين,,,turkey,"الرقة ق1 ش19 م364,الرقة,27200,KW",https://www.snap.com/political-ads/asset/49f8d4929adbbf6485ce3ecf1b7d38c4c94051222035a97e3aa8bc2a76fc7fed?mediaType=png,,,
Break Something,10201,488165,USD,,American Democracy Project,,18+,united states,"1930 18th St NW Suite B2 #562,Washingotn,20009,US",https://www.snap.com/political-ads/asset/49b12095cf9a8aead8593c5fff2b7f822a7311537914824011f1b3092605a309?mediaType=mp4,"targetsmart_23,targetsmart_22,targetsmart_21,targetsmart_15,targetsmart_18",,
Hampshire County Council,949,481816,GBP,,Hampshire County Council,,18-25,united kingdom,GB,https://www.snap.com/political-ads/asset/8e6d6d99eefdb4802daced6a28e5e3b0bf5762f84e3e466f9f3a1ffbbea95875?mediaType=mp4,,Hampshire,"Southampton,Portsmouth,Isle of Wight"
Assemble the Agency,9640,465141,USD,,AFSCME,,18+,united states,US,https://www.snap.com/political-ads/asset/8724fcf2449e94257611da80bb17ada9bda42408559730e10e93ce99780c843b?mediaType=png,,Michigan,
Gambit Strategies,6498,454638,USD,,Chris Pappas for Senate,,18+,united states,"2939 Van Ness St NW #1006,Washington,20008,US",https://www.snap.com/political-ads/asset/26d0471d5efb1afe70db4d51350f900b93aa3ccdb2f67d1317f2b993c2403bdc?mediaType=png,,New Hampshire,"Maine,Vermont,Massachusetts"
GMMB  Inc,9092,428755,USD,,Abundant Housing Mass PAC,,18+,united states,"3050 K Street,Washington,20007,US",https://www.snap.com/political-ads/asset/6a909f9c63b17846309c47681d572baeba0844e499b58df746dd9a73050e857a?mediaType=mp4,,,
Greater London Authority,684,422975,GBP,,Greater London Authority,,18-,united kingdom,"City Hall, Kamal Chunchie Way,,London,E16 1ZE,GB",https://www.snap.com/political-ads/asset/a04068dd9ccee2be61d2683c269dbd3369cb675d611a8ebd526f87eb0357f175?mediaType=mp4,,London,
Gambit Strategies,12347,408975,USD,Luna for Sheriff 2026,Luna for Sheriff 2026,,18+,united states,"2939 Van Ness St NW #1006,Washington,20008,US",https://www.snap.com/political-ads/asset/51a5f8943c01b773508e841ca24825bd504d7d04c4cc3904788c081a55646173?mediaType=mp4,,California,"Nevada,Arizona,Oregon"
LumenAd,2152,403990,USD,,Parkridge Pregnancy Medical Clin,FEMALE,18-35,united states,US,https://www.snap.com/political-ads/asset/8436dc82d1c448f9b2ef4e094a281278cdecec44a3de152cc8cc8a0e05d51089?mediaType=png,,,
C+K,5998,403803,USD,,MN Independent Abortion Clinics,FEMALE,18-45,united states,"1640 Rhode Island Ave. NW, Suite 600,Washington,20036,US",https://www.snap.com/political-ads/asset/92e5747fd16c085c54f488c757e6585cb5d5fb67eb565100037f5fb9a1803db2?mediaType=png,,Minnesota,
Pivotus,2498,385302,AUD,,Tasmanian Electoral Commission,,18+,australia,"6 Wilson Street,West End,4101,AU",https://www.snap.com/political-ads/asset/3710ae8b4f9bda9e403b1a80d7d955d6ede7c038ba576bb2904f08b2b9726321?mediaType=mp4,,,
Movement Labs,4016,381776,USD,,Vote Up,,18+,united states,US,https://www.snap.com/political-ads/asset/3f648aeab0207aeb680b89efcffd6a0f110a66207e0de0f5c67b1436f124e409?mediaType=mp4,,,
New Day Women's Clinic,3134,379381,USD,,New Day Women's Clinic,FEMALE,29-,united states,US,https://www.snap.com/political-ads/asset/5c7d36154ab845265f684178ced874d79a90e8a9f3659c2fa1fbc620cb02611b?mediaType=mp4,,,
C+K,7110,377134,USD,,Blue Ridge Abortion Fund,FEMALE,21-39,united states,"1640 Rhode Island Ave. NW, Suite 600,Washington,20036,US",https://www.snap.com/political-ads/asset/2a27fc2c050f4b87b1dac2293ee311d2f8284ac377f3058ffd1f3a4846db4927?mediaType=png,"Advocates & Activists,Arts & Culture Mavens,Clubbers & Party People,Fashion & Style Gurus,Meme Watchers,Parents & Family-Focused,Solopreneurs,Startup Leadership,Wellness & Healthy Lifestyle,Women's Lifestyle,Children's Product Buyers,Feminine Hygiene Buyers,Feminine Hygiene Buyers - Always Brands,Feminine Hygiene Buyers - Kotex Brands,Hair Care Accessories Buyers,Hair Products Buyers,Hair Spray & Hair Styling Product Buyers,Hand & Body Lotion Buyers,Hand & Body Lotion Buyers - Vaseline Brands,Health and Beauty Buyers Intent,Health and Personal Care Buyers,Skin Care Buyers Intent,Last 12 Months Buyers - BJs,Last 12 Months Buyers - Costco,Last 12 Months Buyers - Dollar General,Last 12 Months Buyers - Dollar Tree,Last 12 Months Buyers - Family Dollar,Big Box Store Buyers - Kmart,Big Box Store Buyers - Walmart,Buy One Get One Free Buyers,Club Warehouse Buyers,Club Warehouse Buyers - BJs,Club Warehouse Buyers - Costco,Club Warehouse Buyers - Sams,Discount Buyers,Discount Buyers - Big Lots,Discount Buyers - Dollar General,Discount Buyers - Dollar Tree,Discount Buyers - Family Dollar,Discount Buyers - Five Below,Discount Buyers - Harbor Freight Tools,Discount Buyers - Meijer,Discount Buyers - Ollies Bargain Outlet,Supermarket Buyers - Pay Less Kroger,Wireless Providers All Credit Buyers,Wireless Providers Heavy Credit Buyers,Airline Buyers - Frontier Airlines,Airline Buyers - Southwest",Virginia,
TKO Political,4579,371283,USD,Troy Jackson for Senate,Troy Jackson for Senate,,18+,united states,"2800 Abilene Dr,Chevy chase,20815,US",https://www.snap.com/political-ads/asset/3589bfb17fd301987989272636a6d49d532d984d6a945b57c95627355a7e9d58?mediaType=mp4,,Maine,
Mercy USA,6104,362563,USD,,Mercy-USA,,18+,united states,US,https://www.snap.com/political-ads/asset/edbdc135b5d6d9849611864ab22a8eb5b1891c4990fc6ead13321900f4b0bb0c?mediaType=mp4,,,
Florida Pregnancy Care Network,10371,362289,USD,,BowStern Marketing & Communicati,FEMALE,18-35,united states,US,https://www.snap.com/political-ads/asset/68c8ab0bb69acd52bd617c8bf914b0359a9e0ffd16be9cbb67b5bac92ce22c7a?mediaType=mp4,,Florida,
Bravo Tango Advertising Firm Inc,1599,352344,CAD,,Elections Saskatchewan,,18-24,canada,"1260 8th Ave,Regina,S4R 1C9,CA",https://www.snap.com/political-ads/asset/23f07621a62fb15e234b52c06b3fecc7a17df38d5d82ddf37f826ff55bc29459?mediaType=mp4,,Saskatchewan,
Choose Life Marketing,2981,345610,USD,,MOA2A,FEMALE,35-,united states,US,https://www.snap.com/political-ads/asset/9aaf71443ee4cda368da71ac2a525673fa7add239923945dc87ed176586de3f2?mediaType=mp4,,Missouri,
Informed Choices Medical Clinics,2829,331545,USD,,Informed Choice of Iowa Corp,FEMALE,29-,united states,"821 SOUTH GILBERT ST,IOWA CITY,52240,US",https://www.snap.com/political-ads/asset/ac93a9aba8dd0dee0709c4a83ecc50884d8da55eb60bedf7bdf0573e484094a2?mediaType=mp4,,,
Allegheny County,2214,330580,USD,,Allegheny County,,17+,united states,US,https://www.snap.com/political-ads/asset/5ad6f35ba1799c59fd4f908e1f860b6bee157956b4a13c25dc43aeee23418b0d?mediaType=mp4,,,
MedGlobal,4927,318809,USD,,MedGlobal,,18+,united states,US,https://www.snap.com/political-ads/asset/66732ac07160ae4726af7ac6dbefaf35411ca0f3a9d1877aba9f406c13b0ddf8?mediaType=png,,,
Gowagr,105,304798,USD,Adeleke,Bayse Markets,,19+,nigeria,"651 N Broad Street, ,middletown,19709,US",https://www.snap.com/political-ads/asset/efbf0cca050dcaf9e85a2ed9af409f0baf55086b39d7eccce45c5c9db2cf3a8b?mediaType=mp4,,"Lagos,Abuja (fct),Osun,Ekiti",
Your Speaker,969,301508,USD,,Qatar Charity,,,qatar,"Doha,Doha,00974,QA",https://www.snap.com/political-ads/asset/84d90d4c1ea0141d1b711fe5754a3728c469bf1b8f9051c3012343b875b152f7?mediaType=png,,,
الحياة الخيرية,1213,290976,USD,,Alhyat charity,,21-46,kuwait,KW,https://www.snap.com/political-ads/asset/c1343a2d787e7b1628317d5a4cda5c1d192ce8da144b6b7f3b8fbc20a1a7b838?mediaType=mp4,,,
GoodPower,2372,280252,USD,NA,GoodPower,,18+,united states,US,https://www.snap.com/political-ads/asset/2688c3bbd3a4f965bfbbf2a57e73b4236b9d565c79835a201d6cf40785340505?mediaType=mp4,,Pennsylvania,
Anchor of Hope,1202,275282,USD,,Anchor of Hope,FEMALE,18+,united states,US,https://www.snap.com/political-ads/asset/bfc58f02450ab637ffed1b709754238f9ab99937e0362ad387d47c3912aa2d76?mediaType=mp4,,,
Postmedia Solutions,3410,266638,CAD,,Elections NB,,18+,canada,"365 Bloor Street East,Toronto,M4W 3L4,CA",https://www.snap.com/political-ads/asset/26e25fd73f661aca234eb6e14eef7c6f95921ae88b3b374aa378178918c95a12?mediaType=mp4,,New Brunswick,
Barrel Placements,6771,265760,USD,,Fair Deal Alaska,,18+,united states,US,https://www.snap.com/political-ads/asset/d3993739cf5054622fcfa1fdf47a8541694fb8af75340fa45302fecabeddc8f0?mediaType=mp4,,,
Bedsider,6213,261448,USD,,Bedsider,FEMALE,18-29,united states,"1015 15th St NW, Suite 1225,Washington,20005,US",https://www.snap.com/political-ads/asset/6d5780e2526a09b81809ee1827dd3d5168f24c39234dbfb3890daadb32d922af?mediaType=mp4,,,"Wyoming,Florida,Idaho,Indiana,Louisiana,Mississippi,North Carolina,Texas"
Townsquare Ignite,866,259614,USD,,Sage Women's Center,FEMALE,18+,united states,"1 Manhattanville Road, Ste 202,Purchase,10577,US",https://www.snap.com/political-ads/asset/a7b5b0101892259a2dd8b5f44c7c0f58f98e148957e6763c9b9dea74cdd86637?mediaType=png,"Music Fans,Pop Music Fans,New Phone Seekers,Parents & Family-Focused,Cosmetics Shoppers,Discount & Thrifty Shoppers,Shopping Mall Shoppers,Women's Fashion Shoppers,Wellness & Healthy Lifestyle,Women's Lifestyle",,
The Cusp Marketing Limited,330,254901,GBP,,Sandwell Council,,18+,united kingdom,GB,https://www.snap.com/political-ads/asset/8efaeb35aeed525d61acedcfb21c573a97ccd06e795920bb6dad55bf052a62d5?mediaType=png,,Sandwell,
Forum Communications Company,2606,248394,USD,,Northwoods Pregnancy Center,FEMALE,18-32,united states,US,https://www.snap.com/political-ads/asset/0fb9877467bfc786cfedcb769d42b5892484058cf846ca54f5062a44604e4cde?mediaType=mp4,,,
Human Age Digital,3497,236512,USD,Abbie Kamin Campaign,Abbie Kamin Campaign,,18+,united states,US,https://www.snap.com/political-ads/asset/ea9aec3463764cb03934de2e60083c0a3a9fb7ffdfe2e93aa33e5efc31a5131f?mediaType=mp4,,Texas,
Cornerstone Marketing Strategies  LLC,2435,230117,USD,,Pregnancy Center of Northern KY,FEMALE,16-34,united states,"8033 Deer Haven Rd,Wardsville,65101,US",https://www.snap.com/political-ads/asset/a373a5cbc83dc52660569dafcb82440ca554504aaa5d69f71e90079c94f2302a?mediaType=mp4,,,
Shout Out UK,1266,228676,GBP,,Shout Out UK,,18+,united kingdom,GB,https://www.snap.com/political-ads/asset/0b6ad3cda6d94f8c9eb01e946b1e2b50d19584a87f0cb7437cfefbc5ce44d6c7?mediaType=png,,,
TRAFFIK,3531,217524,USD,,Turning Point USA,,18-22,united states,"8821 Research Drive,Irinve,92618,US",https://www.snap.com/political-ads/asset/7572d6a19a8ece33a8fb8cfe130c5795cb425fa3e0d1453f03a4fd8d489ecfe9?mediaType=png,,,
Amathea,3569,211052,NOK,Stiftelsen Amathea,Amathea,,18-45,norway,NO,https://www.snap.com/political-ads/asset/48e80cd4da73bc9634e47a63826d140fec9f37a9ae57e77ad52eb164bf48aeb0?mediaType=mp4,,,
Maryland State Ad Agency,5043,209452,USD,,State of Maryland,,18+,united states,"11767 Owings Mills Blvd,Owings Mills,21117,US",https://www.snap.com/political-ads/asset/a56582acb1f5a2716ae07d6942297715348092e38685fcd4a6fae08775a78b66?mediaType=png,,Maryland,
The Cusp Marketing Limited,1133,206546,GBP,,Democracy Cymru,,18-54,united kingdom,GB,https://www.snap.com/political-ads/asset/e92ad2bcd7211f4421f079230cde1d64748affd354f9eeca3217804ccb3e8586?mediaType=mp4,,"Swansea,Cardiff,Newport,Wrexham",
ORIXA MEDIA,739,204553,EUR,,Human Appeal Belgium,,18+,belgium,"72 rue d'hauteville,PARIS,75010,FR",https://www.snap.com/political-ads/asset/afd7212f712177c58ede3e0ebb5ddcc866eb1a123839ddc6db8ebdd7ca77db4b?mediaType=mp4,,,
GUDBRANDSDØLEN DAGNINGEN AS,14553,202913,NOK,,Gjøvik kommune,,18+,norway,"Jernbanegata 13,LILLEHAMMER,2609,NO",https://www.snap.com/political-ads/asset/97338413de62c79a2aaa5c99d24c1f10287bec0e0964a69429f213ed86900d9f?mediaType=mp4,,,
Stories Marketing,2410,198707,USD,,Marshall Pregnancy Center,FEMALE,18-38,united states,"4509 Kings Lake Court,Chattanooga,37416,US",https://www.snap.com/political-ads/asset/c2040ab0e5594a92bc47eb8ddb5b044863e509fd0e2c4928bf68e6cb315424fc?mediaType=mp4,,,
Red Edge LLC,7230,193426,USD,,NSSF,FEMALE,25-49,united states,"2300 Clarendon Blvd,Arlington,22201,US",https://www.snap.com/political-ads/asset/d47fef179884d466fac7017574470347ebee8bb03f5624134b4f1c41a4389caa?mediaType=mp4,,"District of Columbia,Virginia,Maryland,Arizona,Georgia,North Carolina,Colorado,Pennsylvania,Michigan,Maine",
C+K,1680,190433,USD,,The Center for US Voters Abroad,,18+,united kingdom,"1640 Rhode Island Ave. NW, Suite 600,Washington,20036,US",https://www.snap.com/political-ads/asset/197e7387e616eb4fc14124a85c9ab71864bb68936d9c164072645e5b3423c684?mediaType=png,,,
Students for Ellen,1381,182768,USD,Ellen Zhang,Students for Ellen,,18-30,united states,US,https://www.snap.com/political-ads/asset/c6b1ae86c9005fff7f9babfd6b45e51bfa45a977a17c65f586f6306715efc68e?mediaType=png,,,
Zakat Foundation of America,2883,179633,USD,,Zakat Foundation of America,,18+,united states,US,https://www.snap.com/political-ads/asset/6bfa1e3bf3a9f44114b1768b3b92d34a3ffa4fed08689cb55347c397ae92a2e0?mediaType=png,,,
2XL Online,6674,176735,SEK,,Världsnaturfonden WWF,,18+,sweden,"Johanna Wolls Väg 18, 2XL Online,Kävlinge,24436,SE",https://www.snap.com/political-ads/asset/5d42f511e5ced88e9123146fc2aa5f0c25d70139c4f96961ff7a24453ef0cea1?mediaType=mp4,,,
NOAH - for dyrs rettigheter,11739,158382,NOK,,NOAH - for dyrs rettigheter,,18+,norway,"Dronningens gate 13,Oslo,0152,NO",https://www.snap.com/political-ads/asset/f945dfe9cdbdbe34a68ec7827b10fff52555c10c032173e92e65879aac53ccd7?mediaType=png,,,
Targeted Victory  LLC,1177,157016,USD,Brian Fitzpatrick for All of Us,Brian Fitzpatrick for All of Us,,18+,united states,"2311 Wilson Blvd fl 2,Arlington,22201,US",https://www.snap.com/political-ads/asset/d4f40db7300d00ec11ace0cdf1384c46fe5d97bed1304b9e998e1be44042db52?mediaType=mp4,,,
Cornerstone Marketing Strategies  LLC,1071,155305,USD,,Little Way Pregnancy Center,FEMALE,16-34,united states,"8033 Deer Haven Rd,Wardsville,65101,US",https://www.snap.com/political-ads/asset/8dea2a94dc19a8a31ee44d8e8a4ab6e24c38cf9e2a2a0a745acb8495bd5dac4f?mediaType=mp4,,,
Sucess Communications Group,4106,154952,USD,,New Jersey OAG,,18+,united states,"100 S Jefferson rd. ,Whippany,07981,US",https://www.snap.com/political-ads/asset/341c24d888f3f6fae838b9620fa22cf1d07749cafa6c03d160e10e22593835fa?mediaType=mp4,,New Jersey,
Dippel for Senate,403,147820,USD,,Dippel for Senate,,18-35,united states,US,https://www.snap.com/political-ads/asset/d63d48c10e5a2f25efb31d80d267934bdef4f21e70d36eef538d30bc07364add?mediaType=png,,,
Oxfordshire County Council,610,146637,GBP,,Oxfordshire County Council,,18-30,united kingdom,"County Hall, New Road,Oxford,OX1 1ND,GB",https://www.snap.com/political-ads/asset/5800a212e59a51a0b35cf6d55fe61c18f355c749df5465da448a6ac3d0598188?mediaType=png,,,
Human Age Digital,2158,142886,USD,Dexter McCoy Campaign,Dexter McCoy Campaign,,18+,united states,US,https://www.snap.com/political-ads/asset/77db6afd93a27ae070f5a67f70e3236c6bd2cb1a4e35c211612edcf1ed88ef38?mediaType=mp4,,Texas,
Ad Elements,542,141730,USD,Life Choices Center,Life Choices Center,FEMALE,34-,united states,US,https://www.snap.com/political-ads/asset/e8ec1b69af24568a9c634ea5ce302e605fcee02ded8326e04169372dbd2a0ed4?mediaType=mp4,,,
M&R Strategic Services  Inc.,864,136760,USD,,Fight For A Union,,18+,united states,"1901 L St NW,Washington,20036,US",https://www.snap.com/political-ads/asset/be5f9e9ed64abdcb2b0c814247870089b1fbe62c6dac06398fde82844458345e?mediaType=mp4,,,
Human Age Digital,2014,135073,USD,Tanya Garrison Campaign,Tanya Garrison Campaign,,18+,united states,US,https://www.snap.com/political-ads/asset/570b853ccc9850ee4079602cf2ae26bdc20aaa50bc85935dc0fa5b9d53ee5599?mediaType=mp4,,Texas,
Jigsaw LLC,1464,132172,USD,,League of Women Voters MKE,FEMALE,18-30,united states,"710 N Plankinton Ave 9th Flr,Milwaukee,53203,US",https://www.snap.com/political-ads/asset/058fcde5cff9350a2d74d18f4193feacea7d07cf83211e9f25f62ed9afb6678a?mediaType=mp4,,,
Voters of Tomorrow Action  Inc.,954,121596,USD,,"Voters of Tomorrow Action, Inc.",,18-35,united states,US,https://www.snap.com/political-ads/asset/1c2c14801b95f1aac73adf660fba2a30ef17a058c4ca1102293584cf4b56d5dd?mediaType=png,"Clubbers & Party People,Soccer Enthusiasts,Street Sport Enthusiasts,World Cup Enthusiasts",,
Wavelength Strategy,560,117927,USD,,Ohio Democratic Party,,18-29,united states,US,https://www.snap.com/political-ads/asset/7ec58791701dc45998cf889eef85d85916ad19a37a85faa8ddcef9e25a5c079b?mediaType=png,,Ohio,"Indiana,Kentucky,Pennsylvania,Michigan,West Virginia"
Agape Women's Clinic,1516,117346,USD,,Agape Women's Clinic paying ads,FEMALE,39-,united states,US,https://www.snap.com/political-ads/asset/e7332e098f962825b7bf147614ae40c3e0f6cce4b9b264cd80c6c8294a99b253?mediaType=mp4,,,
Leaders Igniting Transformation,180,113517,USD,,Leaders Igniting Transformation,,18+,united states,"2201 N. Martin Luther King Dr,Milwaukee,53212,US",https://www.snap.com/political-ads/asset/41ddd59a3ec48feca747bb3a7f1e8854254a93b0a5f20da33e1f06fd2ecd6d0e?mediaType=mp4,,Wisconsin,
Choose Life Marketing,221,112973,USD,,LaVie Health Clinic,FEMALE,34-,united states,US,https://www.snap.com/political-ads/asset/05f46c0c61ea72ac5e1aec8c0026f90f6b01291f342b392bbb45609dac3224e4?mediaType=mp4,,,
Women's Resource Center,1193,112345,USD,,Women's Resource Center,FEMALE,18-38,united states,US,https://www.snap.com/political-ads/asset/3e69ce6d96adb5c1d36549aa16c1e8c5998c22d227f919f2a441dbe87208ced5?mediaType=mp4,,,
PDHC,1748,110587,USD,,Pregnancy Health Decision Center,,,united states,US,https://www.snap.com/political-ads/asset/a40e763d6c32602b1afe749fe981422b5a169cee3c15f4542aced4346f8bd33c?mediaType=mp4,,,
Cornerstone Marketing Strategies  LLC,1084,109663,USD,,CareNet of Owensboro Kentucky,FEMALE,16-34,united states,"8033 Deer Haven Rd,Wardsville,65101,US",https://www.snap.com/political-ads/asset/b9dd498a70b5974c04d6f7b223930bdbab56ad2f6914f50639e48511aeb3b9d3?mediaType=mp4,,,
Andrea Zupancich for MN Senate District 3,256,109487,USD,,Andrea Zupancich for Senate,,18-35,united states,US,https://www.snap.com/political-ads/asset/4acab5b3fcbc8c408becacb9898a8336b082457dabc99261e8541f8c9f8cd7eb?mediaType=png,,,
Syrian American Medical Society,1727,107124,USD,,Syrian American Medical Society,,18+,united states,"1012 14th Street, NW Ste 910,Washington ,20005,US",https://www.snap.com/political-ads/asset/d1b7e5c215990f33845a9f5b872160dde995a27c88e2b50726cdf8db02cc9235?mediaType=mp4,,,
Legalise Cannabis Party,300,102385,AUD,Aimee Pearson  Farrer by election,Lagalise Cannabis Australia INC,,18+,australia,"302/183 Macquarie Street,Sydney,2000,AU",https://www.snap.com/political-ads/asset/986b64b30bf047353e9d296a3e696863a730354e05b2cb617a36793163fe2018?mediaType=mp4,,,
Talking For Change,1233,98577,CAD,,Talking for Change,MALE,18+,canada,CA,https://www.snap.com/political-ads/asset/eb7aa9ca2b3c0c430b6396bd1a37500851e2cee383f7f2dca67d92bff9665829?mediaType=mp4,,,Quebec
Stories Marketing,1019,98266,USD,,First Step Women's Center,FEMALE,17-36,united states,"4509 Kings Lake Court,Chattanooga,37416,US",https://www.snap.com/political-ads/asset/2dde5053353001b11406f9180100f5a524f2a0d514581a94067a881e63777776?mediaType=mp4,,,
Perryman for Senate,218,95137,USD,,Perryman for Senate,,18-35,united states,US,https://www.snap.com/political-ads/asset/581d831dcc24e9f9675921847edf6eb62b9244e0083739a346ebd61093a4bcfe?mediaType=png,,,
Cornerstone Marketing Strategies  LLC,880,92252,USD,,Athens Pregnancy Resource Center,FEMALE,16-34,united states,"8033 Deer Haven Rd,Wardsville,65101,US",https://www.snap.com/political-ads/asset/cfe7283c2d841feeb9d7075baf73747c3837aaf031c4cd25283593f799669d55?mediaType=mp4,,,
Huddinge kommun,98,92019,EUR,,Huddinge kommun,,18+,sweden,SE,https://www.snap.com/political-ads/asset/398817721b9a3d221805c96adda54f6e6823f557547907b127793e109d90d64a?mediaType=mp4,,,
Cornerstone Marketing Strategies  LLC,921,90167,USD,,Options Now,FEMALE,16-34,united states,"8033 Deer Haven Rd,Wardsville,65101,US",https://www.snap.com/political-ads/asset/5345132c602c8d04131c5a24b17401fc44da70d6529a286e7704960fa9031df0?mediaType=mp4,,,
Young Americans for Liberty,920,89849,USD,,Young Americans for Liberty,,18-24,united states,US,https://www.snap.com/political-ads/asset/e7a4672e3373dafee22dce29297794ff341fbda0dc27f49151188ed13277fe8f?mediaType=mp4,Collegiates,,
LIFE Ministries Inc.,1434,86493,USD,,Life Ministries Inc.,FEMALE,18-40,united states,US,https://www.snap.com/political-ads/asset/4f05ccc8382702743c2d9c846fa577c8cbb9ac4f138c2219ea6b655e63032631?mediaType=mp4,,,
Cyclemedia B.V.,595,84970,EUR,,Gemeente Purmerend,,18+,netherlands,NL,https://www.snap.com/political-ads/asset/972fa766e9ec0bda84aa3522fbd77384ca5f4f38105d43fe2574d23150fc61c0?mediaType=mp4,,,
Cornerstone Marketing Strategies  LLC,683,81921,USD,,Thrive Women's Clinic,FEMALE,16-34,united states,"8033 Deer Haven Rd,Wardsville,65101,US",https://www.snap.com/political-ads/asset/f6267fb6ac7ed1e6ed5364b5507d4cd82f7c8086ea8f0b4f333b059bdc757d50?mediaType=mp4,,,
Cornerstone Marketing Strategies  LLC,924,79052,USD,,Morning Star Clinics,FEMALE,18-29,united states,"8033 Deer Haven Rd,Wardsville,65101,US",https://www.snap.com/political-ads/asset/2e31e109e1e1d725e310189290e7efdd5f9105683019eeb7f29a50ec15659f61?mediaType=mp4,,,
Cornerstone Marketing Strategies  LLC,1037,78570,USD,,Central Valley Crisis Pregnancy,FEMALE,16-34,united states,"8033 Deer Haven Rd,Wardsville,65101,US",https://www.snap.com/political-ads/asset/cd781cce7bbc1de959b3c7ef12829132abed5b868ce53cda3d8ce80edf3ea2ca?mediaType=mp4,,,
Office of Congressman Jason Crow,699,77991,USD,,Office of Congressman Jason Crow,,,united states,US,https://www.snap.com/political-ads/asset/90a0bea4914497b8c506c939a653affcd55ad7f1cd6dc6ddc4120b2e342b07f2?mediaType=mp4,,,
Priorities USA,528,75139,USD,,AFSCME PEOPLE,,18+,united states,US,https://www.snap.com/political-ads/asset/6c8234f437fb8035160d7bf138256f7434c8469f277fd6639c54e832a997a652?mediaType=png,,,
Protect Marana,1274,70023,USD,JonPost JohnOfficer HerbKai TeriMurphy JackieCraig,Protect Marana,,18+,united states,US,https://www.snap.com/political-ads/asset/f74e9ad9ec336238b35744646fd1f6c49d65d97a8fb574b1c540c86c546dba2b?mediaType=png,,,
The Idea Marketing,2196,69380,USD,,Colorado Dept of Health,,18+,united states,"146 S Poplar St,Denver,80230,US",https://www.snap.com/political-ads/asset/16f9353108ab7bf26abc619b4b5a39f0569151230c22f98291001ab858586382?mediaType=mp4,"Outdoor & Nature Enthusiasts,Outdoor Activity Enthusiast Buyers,shp_10",Colorado,
Aghosh Alkhidmat USA,1005,66342,USD,,Aghosh Alkhidmat USA Self Servic,,18+,united states,US,https://www.snap.com/political-ads/asset/5feea02c98b6130df1ea4c2d36e8885311c95c5d0c87bda3e8ff59c79a10f499?mediaType=png,,,
Forward Blue,498,64909,USD,,Forward Blue,,18+,united states,US,https://www.snap.com/political-ads/asset/e2557a0023590784d5c82591f11c0b28b93091a50207ce08793dfd0ffa89f91d?mediaType=png,Advocates & Activists,,
Stories Marketing,1601,62153,USD,,First Choice Pregnancy Services,FEMALE,17+,united states,"4509 Kings Lake Court,Chattanooga,37416,US",https://www.snap.com/political-ads/asset/937ff8827f1b8c1286d4dc78d6a5d4c7915618184345ab2c73b0c6e00319dc11?mediaType=mp4,,,
Louisiana Right to Life,100,59764,USD,,Louisiana Right to Life,,,united states,US,https://www.snap.com/political-ads/asset/c5f382ef55f42083d31827d39771f71c02f93c72e544d5499cfbb41120ae162e?mediaType=mp4,,,
Die Mitte Z&uuml;rich,608,57772,EUR,Liste 6 Die Mitte unbedingt stimmen,Die Mitte,,18+,switzerland,CH,https://www.snap.com/political-ads/asset/ff1b022b135d675df75a6f7c8fd721e6ce487ed029fea50cddfad9efd05faa5b?mediaType=mp4,,,
Cornerstone Marketing Strategies  LLC,729,57228,USD,,Metroplex Women's Clinic,FEMALE,16-34,united states,"8033 Deer Haven Rd,Wardsville,65101,US",https://www.snap.com/political-ads/asset/cdc0630265ae24c29b0b5d99686ca45fec05d3906632cd162041df40688e1e8d?mediaType=mp4,,,
LaunchGood,320,55971,USD,,LaunchGood,,18+,canada,"4444 2nd Ave.,Detroit,48201,US",https://www.snap.com/political-ads/asset/b6fe2879f3d4f1eeff521cd5242fb2882c189c3580e61ad4626b44fa677311ad?mediaType=mp4,,,
Cornerstone Marketing Strategies  LLC,670,55472,USD,,Mid-Cities Pregnancy Care Inc.,FEMALE,16-34,united states,"8033 Deer Haven Rd,Wardsville,65101,US",https://www.snap.com/political-ads/asset/dc23b3974af206db877f2d1eccc91c9c74e6cb9b21db058ad1d16058f2c478a6?mediaType=mp4,,,
SBDigital,755,53206,USD,,PennFuture,,18-30,united states,US,https://www.snap.com/political-ads/asset/4af1c05595f8d5db83e75d25f9ba80be9ed12674f1dbd9e40121e73ceed2dd29?mediaType=mp4,,,
Maryland State Ad Agency,1795,52818,USD,,Maryland State Ad Agency,,18+,united states,"11767 Owings Mills Blvd,Owings Mills,21117,US",https://www.snap.com/political-ads/asset/625c27a283bce130ed1505e3ce971d96b4128dc188e0d05754b041d2e3fc8a39?mediaType=png,,Maryland,
State Representative Andrew Myers,553,51954,USD,,Campaign Fund of Andrew Myers,,18-40,united states,US,https://www.snap.com/political-ads/asset/d0e12d30e33702ae7afef1b9bf522c9ad0c7db863961044f67a77d234f6bca50?mediaType=png,,,
M&R Strategic Services  Inc.,433,50761,USD,,Fight for $15,,18+,united states,"1901 L St NW,Washington,20036,US",https://www.snap.com/political-ads/asset/642d3f2dc8b718498f0f11cd191f2513ee175dac486eafd807ec07487df0b02d?mediaType=mp4,,,
Stavanger kommune,1000,50356,NOK,,Stavanger kommune,,18+,norway,"Olav Kyrres gate 21,Stavanger,4005,NO",https://www.snap.com/political-ads/asset/845b514bfc7d726395cb5ab552cd8a1b40dcc68dd7fcd11b9025c63a49eecae1?mediaType=mp4,,Rogaland,
All in Wisconsin,738,49244,USD,,All In Wisconsin Action Fund,,18-26,united states,"425 Cherry St,Kent,44240,US",https://www.snap.com/political-ads/asset/0e33e8ff9a167549f64a926cdb5630fb4c96efac85a0be8cb618593b7da02632?mediaType=mp4,,,
Gambit Strategies,740,47743,USD,,Affordable Pennsylvania,,18+,united states,"2939 Van Ness St NW #1006,Washington,20008,US",https://www.snap.com/political-ads/asset/9d2985a426c88eea24b864664d38752d5e65cbf1cf6fcb95651841a11081ee61?mediaType=png,,,
Media Link  Inc.,701,47199,USD,General Primary Election Rock Island County Ill,Rock Island County Clerk,,18+,united states,"1902 17th Street,Rock Island,61201,US",https://www.snap.com/political-ads/asset/e40980e26fc87932c327e6fa283c5d1c887cb39095f2e4b5df4cc58fad7e6b37?mediaType=mp4,,,Iowa
Bask Digital Media,1342,46904,USD,Proposition 38,YES on 38,,18-34,united states,US,https://www.snap.com/political-ads/asset/052701858f18f9f639649e223ae8ca0530088413cb5430c46ab79f2af94cf1c0?mediaType=mp4,,California,
Options For Women - River Falls,398,45966,USD,,Options for Women - River Falls,,29-,united states,"214 N Main St,River Falls,54022,US",https://www.snap.com/political-ads/asset/14be17c74a36f7352b718036657306bed8c59825480d509b1c86e3b58bf22a4d?mediaType=mp4,"Advocates & Activists,High Schoolers,Men's Lifestyle,Wellness & Healthy Lifestyle,Women's Lifestyle",,
Uppsala kommun,1461,45751,SEK,,Uppsala kommun,,18+,sweden,"Kålsängsgränd 10B,Uppsala,75319,SE",https://www.snap.com/political-ads/asset/ae3834fa1f0ec4b90478d27b1f929c5f24df6d2b351ce5c247add053c382cccd?mediaType=mp4,,Uppsala Lan,
Search for Businesses  LLC,157,43684,USD,Statewide Direct Primary Election,Riverside County,,18-34,united states,US,https://www.snap.com/political-ads/asset/212ae9b78c855dbdc60df89895c38bebe882458f93d9fb5de1221937301dd999?mediaType=png,,,
BattleAxe Digital,589,42982,USD,The South Carolina Forum,The South Carolina Forum,,18+,united states,US,https://www.snap.com/political-ads/asset/196cd7e33ca7ed4fdc3b56a915832f3da03d182ce0061f9db6b540d4c192a756?mediaType=mp4,,South Carolina,
PAMA,476,40160,USD,,Palestinian American Medical Ass,,20+,united states,US,https://www.snap.com/political-ads/asset/2487905efa5046cfb2cbbb079a690b7a49f463d7e7073805a6baf42cfd7eefb0?mediaType=png,,,
FamousGrey,125,39983,EUR,,Mediafin,,18-26,belgium,"1 Square Victoria Regina,Brussels,1210,BE",https://www.snap.com/political-ads/asset/3457fc1c5f4b6c90b5ad711ba1eaa40db0833e9323dadf018a538d3a9a249146?mediaType=mp4,"Crypto Enthusiasts,Investors & Entrepreneurs,Money Minders,News Watchers,Small Business Owners & Entrepreneurs,Solopreneurs,Techies & Gadget Fans,Bookworms & Avid Readers,Startup Leadership,Data Science ML & AI","Bruxelles - Capitale,Brabant Wallon,Hainaut,Liege,Luxembourg,Namur",
Extend Web Services,895,33998,USD,,Abiding Care Pregnancy Center,FEMALE,18-35,united states,"220 N Main St.,Medford,55451,US",https://www.snap.com/political-ads/asset/3341ef64ef320fb41bab4cfd16e7c788dab17fff3e54a31a067ad95c50034188?mediaType=mp4,,,
Rahma Worldwide,920,33567,USD,,Rahma Worldwide Self Service,,25+,united states,US,https://www.snap.com/political-ads/asset/596b7441518af9797da16bfc9d0d3f84dfe8777a489dbc70cfc808d6cb19b2bc?mediaType=png,,,
Voters of Tomorrow PAC,399,33305,USD,,Voters of Tomorrow PAC,,18-29,united states,US,https://www.snap.com/political-ads/asset/1ac1610b50f5cf7afeac978eefc9a964033f3545acf724872dfa4ecd86e21e28?mediaType=png,,,
NyeToten,1058,33221,NOK,,Næringslaget Invekst,MALE,18-40,norway,NO,https://www.snap.com/political-ads/asset/56e46c7bede7dd4aeff3a3ee361fb10f2500caea7a8db3112d64b0ac9010bacb?mediaType=mp4,,,
Helping Hand USA,784,32086,USD,,Helping Hand USA Self Service,,20+,united states,US,https://www.snap.com/political-ads/asset/4af09b6702b2af661271d05616dfc92eeb28b5837d0e7e075ce29eeb8e334547?mediaType=mp4,,,
Stories Marketing,240,30806,USD,,Options for Women,FEMALE,16-38,united states,"4509 Kings Lake Ct,Chattanooga,37416,US",https://www.snap.com/political-ads/asset/c28f7f45cf0f8ae57711c215d77f0f3bef8b5be6854728efc8a1d8ef6355ae99?mediaType=mp4,,,
Singer Strategic  LLC,687,30580,USD,John Erickson for State Senate,John Erickson for State Senate,,18+,united states,US,https://www.snap.com/political-ads/asset/e2038663c19b476e9eab585674c549174eee7aae05d1b5a0b1dc6f26b505c016?mediaType=mp4,,California,
Stories Marketing,706,30569,USD,,NE OK Hope Pregnancy Center,FEMALE,18-38,united states,"4509 Kings Lake Court,Chattanooga,37416,US",https://www.snap.com/political-ads/asset/d1ebbdee0930539540c03447bff66bbf63495638de1d7612aa60b034491cd635?mediaType=mp4,,,
Bakeberg MN Committee,499,29070,USD,,Campaign Fund of Ben Bakeberg,,18-40,united states,US,https://www.snap.com/political-ads/asset/7f81339c3d609dd414ca04c4f2352f2885bd0e9cbca81768449f237d6d0dbba1?mediaType=png,,,
Strathcona County,100,28398,CAD,,Strathcona County,,25-,canada,CA,https://www.snap.com/political-ads/asset/4c43c0ccb26bc287d3ef9d5a71cbd4871a4ccb5ff51789060071cf84c1f5e1e3?mediaType=mp4,,,
Singer Strategic  LLC,632,27875,USD,Scott Sakakihara for State Senate,Scott Sakakihara,,18+,united states,US,https://www.snap.com/political-ads/asset/393648c1dc25d8b4a78c848a51be09a48a991bd9d75f83c44e25544279a94f5f?mediaType=mp4,,California,
Old Town Media,803,25848,USD,Friends Of Eileen Albillar,Friends of Eileen Albillar,,18+,united states,US,https://www.snap.com/political-ads/asset/14fddda507ed104f08312015a800b54839d13ee9ef5b78c5176bfa99b7690927?mediaType=mp4,"Basketball Fans,Soccer Enthusiasts,Political News Watchers,Celebrity News Watchers,Hip-Hop Music Fans,Pop Music Fans,Soul & R&B Fans",,
Sean Lavine for WB,92,24801,USD,Sean Lavine for WB,Sean Lavine for WB,,18+,united states,"6725 Daly RD, PO Box 250101,West Bloomfield,48325,US",,,,
POP! Economy,886,22337,USD,,Economic Security Project INC,,18-44,united states,"228 Park Ave S PMB 32482,New York,10003,US",https://www.snap.com/political-ads/asset/263207a869a51550190d1f90a0bb69f83d782a7afbc3bb1bf4a28ec8bb8590ea?mediaType=mp4,,California,
Cornerstone Marketing Strategies  LLC,237,17637,USD,,Bakersfield Pregnancy Center,FEMALE,16-34,united states,"8033 Deer Haven Rd,Wardsville,65101,US",https://www.snap.com/political-ads/asset/8a50a688105b3ecbb84cf13a9c8eaffa9aece8f51a9985ab7ad8f5898c53dd5b?mediaType=mp4,,,
Ethos Campaigns LLC,357,16644,USD,Ashley Hartmeier Prigg,Friendsof Ashley Hartmeier-Prig,,25+,united states,US,https://www.snap.com/political-ads/asset/dcdb5faa2526df5473c562f810ba10c7b67ad32ffc0fe1960013161f616e66d5?mediaType=mp4,,,
Campaignifi,245,16543,AUD,,Melissa McIntosh MP,,18+,australia,"Level 7, 14 Martin Place,Sydney,2000,AU",https://www.snap.com/political-ads/asset/4312e6551224b0f4acd0b7eef15719e1b07a267a5e69782c0fd8bbeb49f08904?mediaType=mp4,,,
ALMANABR,74,16116,USD,,ALMANABR,,,kuwait,KW,https://www.snap.com/political-ads/asset/86151711954d4a8cfb5b26f4859a4334d07859feda8755d3167f6adcbd945802?mediaType=mp4,,,
Recrue Media  LLC,103,15582,USD,,Williams for State Senate,,18+,united states,"31 West Main Street,Wickford,02852,US",https://www.snap.com/political-ads/asset/1b2fae5869d93845f66a592f5030a78035ab22b2780ce1701714d3a638cae0bf?mediaType=png,,West Virginia,
Ascend Women's Care & Family Support,269,14180,USD,,Pregnancy Resource Center,,20-,united states,"514 Tanner St.,Carrollton,30117,US",https://www.snap.com/political-ads/asset/b7884009b83cce6d4572dbd2526e392066d4fad6238f2bde6b4ffc7b837ebc0f?mediaType=mp4,,,
AJ Casias For Potter County Justice of the Peace  Pct. 2,71,13977,USD,,AJ CASIAS FOR POTTER CO JP 2,,18+,united states,US,https://www.snap.com/political-ads/asset/f415e94571ef7195d095e4cbb3f2e91279cece1e0ae18490a73ed83934945770?mediaType=jpeg,,,
Stories Marketing,311,13681,USD,,Women's Choice Network,FEMALE,16-35,united states,"4509 Kings Lake Ct,Chattanooga,37416,US",https://www.snap.com/political-ads/asset/b326adbd69c7ef078510d4c7d44aa66ed2188e3cbd4ea88f7ff08bcfa6cb8a5d?mediaType=mp4,,,
Royal Borough of Kingston Council,69,13416,GBP,,Kingston Council,,18-30,united kingdom,GB,https://www.snap.com/political-ads/asset/bcccae8925e1a5588aae0f1c15e24db50586ce439ba2cd5d83476871618978ed?mediaType=mp4,,Kingston Upon Thames,
Metre,348,13209,USD,,"Hennepin County, Minnesota",,18+,united states,US,https://www.snap.com/political-ads/asset/ea39cfd65857bee0bec24f1f2d3be535518e117bc140fa1ee91a38ee5b724879?mediaType=mp4,,,
Only One,343,12250,USD,,Only One,,18+,norway,US,https://www.snap.com/political-ads/asset/24dd18c5351fab6f9ecb0c7d75b9500bf1368a2c42ded0cc9fcd58d705d5ab0d?mediaType=png,"Beachgoers & Surfers,Green Living Enthusiasts,Math & Science Enthusiasts,Business News Watchers,Political News Watchers,Outdoor & Nature Enthusiasts,Pet & Animal Lovers,Philanthropists,vac_169,vac_170,vac_172,vac_174",,
Support RPS,61,12148,USD,Support RPS,Support Rockford Public Schools,,18-34,united states,"57 Courtland Street #332,Rockford,49341,US",https://www.snap.com/political-ads/asset/451ec307875350c2e0413a952eb67b38072d7e8df42abcbb84009dfee59a6a1f?mediaType=mp4,,,
Cornerstone Marketing Strategies  LLC,43,10812,USD,,Athens Pregnancy Center,FEMALE,16-35,united states,"8033 Deer Haven Rd,Wardsville,65101,US",https://www.snap.com/political-ads/asset/147ad38135661ec51970978d38704e446287374086a9f922a749ab3853a2c8ea?mediaType=mp4,,,
Progress Media Buying,340,10654,USD,NV Governor,Planned Parenthood Votes,,18+,united states,US,https://www.snap.com/political-ads/asset/8c80361bc5bb0afa2a7e7501042ca014e0cee074d43f44192c91508bc6072882?mediaType=mp4,,Nevada,
Cyclemedia B.V.,62,10469,EUR,,Gemeente Amersfoort,,18+,netherlands,NL,https://www.snap.com/political-ads/asset/c455840514b83331f5d66cc191222331e695f32fab75ba5d19de9aeac6b1c229?mediaType=mp4,,,
Oslo Høyre,2149,10418,NOK,,Oslo Høyre,,18+,norway,"Stortingsgaten 20,Oslo,0161 Oslo,NO",https://www.snap.com/political-ads/asset/ed38596cafddfd78cbafc11daa8fc81b853142b19ca7f936f712ff28a8d34975?mediaType=mp4,,,
Oslo Venstre,1364,10355,NOK,Marit Vea,Oslo Venstre,,18-50,norway,NO,https://www.snap.com/political-ads/asset/2f153cd1f5dc85c28bbf8ad8be7c1a7523aea68957b4ed5486918ee7fbf0df74?mediaType=mp4,,Oslo,
mv digital group,193,9811,USD,Loyad Booker For Mayor,Loyad Booker for Mayor,,,united states,"One, World Trade Center ,new york,10007,US",https://www.snap.com/political-ads/asset/f2e729afc12dc90ddc4c3271df4d6827dfb46226c5724a486940e8ad0c027252?mediaType=mp4,,,
Judd Hoos,37,9430,USD,,Yes On 29 Ballot Committee,,18+,united states,"1612 Junction Ave,Sturgis,57785,US",https://www.snap.com/political-ads/asset/8ad318a8efabdef514b0cc1c09ba6977004d9fb2a8e2c2d8377bd0dd36105910?mediaType=mp4,,,
Natalie for House- Natalie Zeleznikar,64,9045,USD,,Natalie for House,,18-35,united states,US,https://www.snap.com/political-ads/asset/8b33c215041ab6c3d719654cf7b6c04388dd788b5923da956dafb9ffa31dcf4c?mediaType=png,,,
Clear Choice Clinic,119,8164,USD,,Clear Choice Clinic,,,united states,US,https://www.snap.com/political-ads/asset/afdf9d9d9ab9cfbf085d9dca4a9b3763f165b0118f91d21311c2c93bf2c48c03?mediaType=mp4,,,
Human Concern US,202,7963,USD,,Human Concern US Self Service,,18+,united states,US,https://www.snap.com/political-ads/asset/a683eaca12bb2149fdc37d62f0a9ad019256e61c6b53007324e4b60ed3f248c1?mediaType=mp4,,,
Flygon LC,219,7840,USD,,Nan For Nevada,,,united states,"505 E Oraibi Drive,Phoenix,85024,US",https://www.snap.com/political-ads/asset/f825e00827bf3267a4de4c1dab48ec4edcc3dad81fd5b7f6eb90c88ae55fb3b0?mediaType=mp4,,,
Flygon LC,223,7678,USD,,Friends of Jill Douglass,,,united states,"505 E Oraibi Drive,Phoenix,85024,US",https://www.snap.com/political-ads/asset/d09a75509cb40b36e961af2e6af9af4c131980f61fb90c40b295de20f6405cf1?mediaType=mp4,,,
Flygon LC,34,7265,USD,Frank Abasciano for Phoenix,Frank for Phoenix,,18+,united states,"505 E Oraibi Drive,Phoenix,85024,US",https://www.snap.com/political-ads/asset/e7a21ba89f62a699c1906ec6e32a40ebca9ff7c41cc86aca97aa328c7a0b271e?mediaType=png,,,
Ascend Women's Care & Family Support,100,7234,USD,,Ascend,,21-45,united states,"514 Tanner St.,Carrollton,30117,US",https://www.snap.com/political-ads/asset/fac21d4da478cc1337daae8d79ef9f8431d67ed05c2f36d9f1c1d4f3ec6a33f0?mediaType=mp4,,,
mv digital group,58,6876,USD,Chris Girard,Friends of Chris Girard,,18-25,united states,"One, World Trade Center ,new york,10007,US",https://www.snap.com/political-ads/asset/98a22ea68bde3ee059dd6b94848f20092d56224e973c0734dc28598e2fe152e4?mediaType=mp4,Political News Watchers,,
Gambit Strategies,101,6551,USD,,Hofstra University AAUP Chapter,,18+,united states,"2939 Van Ness St NW #1006,Washington,20008,US",https://www.snap.com/political-ads/asset/2c28107be3dc0a12e6f685bd11b1d521f9651983acb54091b226dd101620bea5?mediaType=png,,,
Carrejo Communications,96,5689,USD,David LaBarre For Orange County Sheriff,"Red Cypress Consulting, LLC",,18+,united states,US,https://www.snap.com/political-ads/asset/229672a1071e94bc204dcc2d13441e8feb2bfe7ec6209bf6eafdde38a651fe41?mediaType=mp4,,,
PBL,150,5322,USD,,PBL,,24+,norway,"Prinsengate 91,Bodø,8003,NO",https://www.snap.com/political-ads/asset/23086f277ff9dd175ec7b6e0d93c1f3f0bbfd079a1a2538de9b9c53e3511112d?mediaType=mp4,,,
Adresseavisen AS,750,4366,NOK,,Adresseavisen,,18+,norway,"Ferjemannsveien 10,Trondheim,7014,NO",https://www.snap.com/political-ads/asset/8435694a041a14bcebe612d92ff25c3e8351633dd865d8dc112b5bbbd58a01a2?mediaType=mp4,,,
Østfold Venstre,500,3216,NOK,Sarpsborg Venstre,Østfold Venstre,,18+,norway,"c/o Venstre, Møllergata 16,Oslo,0179,NO",https://www.snap.com/political-ads/asset/ff9b0c5bf42f9b8c9a453ad2f1c048a324529e6ebec51910daa78c03aa38ed66?mediaType=mp4,,,
LRB4CJE,68,2592,USD,Larry Russell Bryant for County Judge Executive,Candidate Larry Russell Bryant,,18+,united states,"1601 Bull Run Road,Columbia,42728,US",https://www.snap.com/political-ads/asset/a5f441b4b79134b158970f3a88c017c9ba732070b4cfb2997b5882af16123708?mediaType=mp4,,,
Freedom Bakeries,20,838,USD,,Freedom Bakeries,,18+,united states,"99 Wall St Ste 3013,New York,10005,US",https://www.snap.com/political-ads/asset/c991e98ad96873c157fc0dd624ce94b807e58070ce58af2fa2a120050ab20fe8?mediaType=png,Philanthropists,,
Flygon LC,7,516,USD,Michael Del Prete for Phoenix City Council,Del Prete for Phoenix,,18+,united states,"505 E Oraibi Drive,Phoenix,85024,US",https://www.snap.com/political-ads/asset/ee79d17adf22afda2c3f1923c19371ee48f46330d58ef029c7c04ffad9d65bbd?mediaType=mp4,,,